Site,,,Address,Dolium no.,Ext. rim diam.,Int. rim diam.,wall thickness,Volume (amph),Volume (l),how vol indicated,Height,pres. height,depth,pres depth,ext belly diameter ,int belly diameter,base diameter,size (sm/med/lrg),type (spherical/cylindrical),Repairs/Modifications,Fill - I,Mat.,Stage,Fill - E,Mat. 2,Stage 2,DD - I,Mat. 3,Stage 3,DD - E,Mat. 4,Stage 4,DDT - I,Mat. 5,Stage 5,DDT - E,Mat. 6,Stage 6,Staple,Mat. 7,Stage 7,Clamp,Mat. 8,Stage 8,Hybrid,Mat. 9,Stage 9,Types of Repairs,Lead,Lead Alloy,Both,Iron in Lead,Production Phase,Use Life,Both of last two,Unknown,Modifications,Stamp,Incision,context,contents?,Notes,Other,
NOTE: addresses need to be more specific (i.e. Pompeii IX.I.3,,,,,,,,,,,,,,,,,,,,,,,,,,,,,,,,,,,,,,,,,,,,,,,,,,,,,,,,,,,,,,,,
Pompei ,,,VRB,1,,43.5,,,695,estimated,,,,,,,,Large,Spherical,,,,,,,,,,,,,,,,,,,,,,,,,,,,,0,,,,,,,,,,,,Production,L - wine,,,
Pompei ,,,VRB,2,,43,,,522,estimated,,,,,,,,Large,Spherical,,,,,,,,,,,,,,,,,,,,,,,,,,,,,0,,,,,,,,,,,,Production,L - wine,,,
Pompei ,,,VRB,3,,43,,,522.41,inscised,110,,,,110,,,Large,Spherical,,,,,,,,,,,,,,,,,,,,,,,,,,,,,0,,,,,,,,,,,,Production,L - wine,,,
Pompei ,,,VRB,4,,43.5,,,695,estimated,,,,,,,,Large,Spherical,,,,,,,,,,,,,,,,,,,,,,,,,,,,,0,,,,,,,,,,,,Production,L - wine,,,
Pompei ,,,VRB,5,,,,,522,estimated,,,,,,,,Large,Spherical,,,,,,,,,,,,,,,,,,,,,,,,,,,,,0,,,,,,,,,,,,Production,L - wine,,,
Pompei ,,,VRB,6,,,,,?,,,,,,,,,Large,Spherical,,,,,,,,,,,,,,,,,,,,,,,,,,,,,0,,,,,,,,,,,,Production,L - wine,,,
Pompei ,,,VRB,7,,42,,,522,estimated,,,,,,,,Large,Spherical,,,,,,,,,,,,,,,,,,,,,,,,,,,,,0,,,,,,,,,,,,Production,L - wine,,,
Pompei ,,,VRB,8,,,,,?,,,,,,,,,Large,Spherical,,,,,,,,,,,,,,,,,,,,,,,,,,,,,0,,,,,,,,,,,,Production,L - wine,,,
Pompei ,,,VRB,9,,45.5,,,480.82,incised,113,,,,107,,,Large,Spherical,,,,,,,,,,,,,,,,,,,,,,,,,,,,,0,,,,,,,,,,,,Production,L - wine,,,
Pompei ,,,VRB,10,,43.5,,,695.33,incised,122,,,,121,,,Large,Spherical,,,,,,,,,,,,,,,,,,,,,,,,,,,,,0,,,,,,,,,,,,Production,L - wine,,,
Pompei ,,,VRB,11,,45,,,566.33,incised,122,113,,,,,,Large,Spherical,,,,,,,,,,,,,,,,,,,,,,,,,,,,,0,,,,,,,,,,,,Production,L - wine,,,
Pompei ,,,VRB,12,,41.5,,,522.41,incised,111,110,,,,,,Large,Spherical,,,,,,,,,,,,,,,,,,,,,,,,,,,,,0,,,,,,,,,,,,Production,L - wine,,,
Pompei ,,,VRB,13,,,,,?,,,,,,,,,Large,Spherical,,,,,,,,,,,,,,,,,,,,,,,,,,,,,0,,,,,,,,,,Y,,Production,L - wine,M. Pacci Sec(undi),,
Pompei ,,,VRB,14,,43,,,581.8,incised,118,114,,,,,,Large,Spherical,,,,,,,,,,,,,,,,,,,,,,,,,,,,,0,,,,,,,,,,,,Production,L - wine,,,
Pompei ,,,VRB,15,,34,,,392.5,incised,115,100,,,,,,,Spherical,,,,,,,,,,,,,,,,,,,,,,,,,,,,,0,,,,,,,,,,,,Production,L - wine,,,
Pompei ,,,VRB,16,,44.5,,,712.72,incised,131,122,,,,,,,Spherical,,,,,,,,,,,,,,,,,,,,,,,,,,,,,0,,,,,,,,,,Y,,Production,L - wine,M. Pacci Sec(undi),,
Pompei ,,,VRB,17,,44,,,581.5,incised,122,114,,,,,,,Spherical,,,,,,,,,,,,,,,,,,,,,,,,,,,,,0,,,,,,,,,,,,Production,L - wine,,,
Pompei ,,,VRB,18,,35,,,216.41,incised,91,82,,,,,,,Spherical,,,,,,,,,,,,,,,,,,,,,,,,,,,,,0,,,,,,,,,,,,Production,L - wine,,,
Pompei ,14.492,40.749,I.22,1 (PALHIP0150),68,42,--,--,--,--,--,90,--,--,90,,--,large,Spherical,--,--,--,--,--,--,--,--,--,--,--,--,--,--,--,--,--,--,--,--,--,--,--,--,--,--,--,--,0,--,--,,,--,--,--,--,--,--,--,,,,,
Pompei ,14.492,40.749,I.22,2 (PALHIP0151),--,--,--,--,--,--,--,67,--,--,--,--,--,large,Spherical,Y,--,--,--,Y,L,Unk,--,--,--,--,--,--,--,--,--,--,--,--,--,--,--,--,--,--,--,--,--,1,Y,--,--,,--,--,--,Y,--,--,--,,,,,
Pompei ,14.492,40.749,I.22,3 (PALHIP0152),--,--,3.3,,--,--,--,110,--,--,--,--,21,large,Spherical,Y,--,--,--,--,--,--,--,--,--,Y,LA,P,--,--,--,Y,LA ,P,--,--,--,--,--,--,--,--,--,2,--,Y,--,,Y,--,--,--,--,--,--,,,,,
Pompei ,14.492,40.749,I.22,4 (PALHIP0153),--,--,--,--,--,--,--,52,--,--,--,--,20,large,Spherical,--,--,--,--,--,--,--,--,--,--,--,--,--,--,--,--,--,--,--,--,--,--,--,--,--,--,--,--,0,--,--,,,--,--,--,--,--,--,--,,,,,
Pompei ,14.492,40.749,I.22,5 (PALHIP0154),72,44,3.6,,732,calculated,132,--,--,--,--,--,21,large,Spherical,Y,--,--,--,--,--,--,--,--,--,Y,NA,P,--,--,--,--,--,--,--,--,--,--,--,--,--,--,--,1,--,--,--,,Y,--,--,--,--,--,--,,,,,
Pompei ,14.492,40.749,I.22,6 (PALHIP0155),--,--,4.25,,--,--,--,108,--,--,--,--,--,large,Spherical,Y,--,--,--,--,--,--,--,--,--,--,--,--,--,--,--,Y,LA ,P,--,--,--,--,--,--,--,--,--,1,--,Y,--,,Y,--,--,--,--,--,--,,,,,
Pompei ,14.492,40.749,I.22,7 (PALHIP0156),47,28.5,--,,192,calculated,94,--,,,75,69,22,small,Spherical,Y,Y,L,U,--,--,--,--,--,--,--,--,--,--,--,--,Y,NA,U,Y,L,U,--,--,--,Y,--,--,4,Y,Y,Y,,--,Y,--,--,--,--,--,,,,,
Pompei ,14.492,40.749,I.22,8 (PALHIP0157),--,37,3,,229,calculated,86,--,--,--,86,--,18,small,Spherical,--,--,--,--,--,--,--,--,--,--,--,--,--,--,--,--,--,--,--,--,--,--,--,--,--,--,--,--,0,--,--,--,,--,--,--,--,--,--,--,,,,,
Pompei ,14.492,40.749,I.22,9 (PALHIP0158),48.5,29.5,3.5,,133,calculated,84,--,--,--,77,--,19,small,Spherical,--,--,--,--,--,--,--,--,--,--,--,--,--,--,--,--,--,--,--,--,--,--,--,--,--,--,--,--,0,--,--,--,,--,--,--,--,--,--,--,,,,,
Pompei ,14.492,40.749,I.22,10 (PALHIP0159),--,--,3.85,,--,--,--,30,--,--,--,--,,,Unknown,--,--,--,--,--,--,--,--,--,--,--,--,--,--,--,--,--,--,--,--,--,--,--,--,--,--,--,--,0,--,--,--,,--,--,--,--,--,--,--,,,,,
Pompei ,14.492,40.749,I.22,11 (PALHIP0160),,,,,,,,19,,,,,,,Unknown,--,--,--,--,--,--,--,--,--,--,--,--,--,--,--,--,--,--,--,--,--,--,--,--,--,--,--,--,0,--,--,--,,--,--,--,--,--,--,--,,,,,
Pompei ,14.492,40.749,I.22,12 (PALHIP0161),,,,,,,,,,,,,17,,Unknown,--,--,--,--,--,--,--,--,--,--,--,--,--,--,--,--,--,--,--,--,--,--,--,--,--,--,--,--,0,--,--,--,,--,--,--,--,--,--,--,,,,,
Pompei ,14.492,40.749,I.22,13 (PALHIP0162),,,,,,,,9.3,,,,,,,BASIN,--,--,--,--,--,--,--,--,--,--,--,--,--,--,--,--,--,--,--,--,--,--,--,--,--,--,--,--,0,--,--,--,,--,--,--,--,--,--,--,,,,,
Pompei ,14.492,40.749,I.22,14 (PALHIP0163),,,3.1,,,,,,,,,,,,Spherical,Y,--,--,--,--,--,--,--,--,--,Y,NA,P,--,--,--,--,--,--,--,--,--,--,--,--,--,--,--,1,--,--,--,,--,--,--,--,--,--,--,,,,,
Pompei ,14.492,40.749,I.22,15 (PALHIP0164),,,4,,,,,,,,,,18,,Spherical,--,--,--,--,--,--,--,--,--,--,--,--,--,--,--,--,--,--,--,--,--,--,--,--,--,--,--,--,0,--,--,--,,--,--,--,--,--,--,--,,,,,
Pompei ,14.492,40.749,I.22,16 (PALHIP0165),,,3.2,,,,,,,,,,,,Spherical,--,--,--,--,--,--,--,--,--,--,--,--,--,--,--,--,--,--,--,--,--,--,--,--,--,--,--,--,0,--,--,--,,--,--,--,--,--,--,--,,,,,
Pompei ,14.492,40.749,I.22,17 (PALHIP0166),,,3.8,,,,,,,,,,,,Spherical,Y,--,--,--,--,--,--,--,--,--,Y,NA,P,--,--,--,Y,NA,P,--,--,--,--,--,--,--,--,--,2,--,--,--,,Y,--,--,--,--,--,--,,,,,
Pompei ,14.492,40.749,I.22,18 (PALHIP0167),,,4,,,,,,,,,,,,Spherical,Y,--,--,--,--,--,--,--,--,--,--,--,--,--,--,--,--,--,--,--,--,--,Y,L,P,--,--,--,1,Y,--,--,,Y,--,--,--,--,--,--,,,,,
Pompei ,14.492,40.749,I.22,19 (PALHIP0168),,,3.7,,,,,,,,,,,,Spherical,Y,--,--,--,--,--,--,--,--,--,--,--,--,--,--,--,--,--,--,--,--,--,Y,--,U,--,--,--,1,--,--,--,,--,--,--,--,--,--,--,,,,,
Pompei ,14.492,40.749,I.22,20 (PALHIP0169),,,3.3,,,,,,,,,,,,Spherical,Y,--,--,--,--,--,--,--,--,--,Y,NA,P,--,--,--,--,--,--,--,--,--,--,--,--,--,--,--,1,--,--,--,,--,--,--,--,--,--,--,,,,,
Pompei ,14.492,40.749,I.22,21 (PALHIP0170),,,3.3,,,,,,,,,,,,Spherical,--,--,--,--,--,--,--,--,--,--,--,--,--,--,--,--,--,--,--,--,--,--,--,--,--,--,--,--,0,,,,,,,,,,,,,,,,
Pompei ,,,IX.I.3,1,--,--,3.6,,180,cal/est,--,--,--,--,67,--,--,,Cylindrical,--,--,--,--,--,--,--,--,--,--,--,--,--,--,--,--,--,--,--,--,--,--,--,--,--,--,--,--,0,--,--,,,,,,,,--,--,Distribution,D - flour,Bakery,,
Pompei ,,,IX.I.3,2,--,--,3.1,,200,cal/est,--,--,--,--,73,--,--,,Cylindrical,--,--,--,--,--,--,--,--,--,--,--,--,--,--,--,--,--,--,--,--,--,--,--,--,--,--,--,--,0,--,--,,,,,,,,--,--,Distribution,D - flour,Bakery,,
Pompei ,,,IX.I.3,3,56,33,--,,320,calculated,--,75,--,--,80,--,--,,Cylindrical,--,--,--,--,--,--,--,--,--,--,--,--,--,--,--,--,--,--,--,--,--,--,--,--,--,--,--,--,0,--,--,,,,,,,,--,Y,Distribution,D - flour,Bakery,,
Pompei ,,,IX.I.3,4,67,44,--,,290,calculated,--,75,--,--,76,--,--,,Cylindrical,--,--,--,--,--,--,--,--,--,--,--,--,--,--,--,--,--,--,--,--,--,--,--,--,--,--,--,--,0,--,--,,,,,,,,--,--,Distribution,D - flour,Bakery,,
Pompei ,,,IX.I.3,5,43,30,3.1,,120,calculated,--,63,--,--,55,--,--,,Cylindrical,--,--,--,--,--,--,--,--,--,--,--,--,--,--,--,--,--,--,--,--,--,--,--,--,--,--,--,--,0,--,--,,,,,,,,--,--,Distribution,D - flour,Bakery,,
Pompei ,,,IX.I.3,6,44,29,--,,120,calculated,--,63,--,--,55,--,--,,Cylindrical,--,--,--,--,--,--,--,--,--,--,--,--,--,--,--,--,--,--,--,--,--,--,--,--,--,--,--,--,0,--,--,,,,,,,,Y,--,Distribution,D - flour,Bakery,,
Pompei ,,,I.VIII.8,1,46,31,--,,120,calculated,--,--,73,--,--,45,--,,Cylindrical,--,--,--,--,--,--,--,--,--,--,--,--,--,--,--,--,--,--,--,--,--,--,--,--,--,--,--,--,0,--,--,,,,,,,,--,--,Distribution,D - unk,Thermapolium,,
Pompei ,,,I.VIII.8,2,45,32,--,,120,calculated,--,--,74,--,--,46,--,,Cylindrical,--,--,--,--,--,--,--,--,--,--,--,--,--,--,--,--,--,--,--,--,--,--,--,--,--,--,--,--,0,--,--,,,,,,,,--,--,Distribution,D - unk,Thermapolium,,
Pompei ,,,I.VIII.8,3,48,34,--,,120,calculated,--,--,74,--,--,46,--,,Cylindrical,--,--,--,--,--,--,--,--,--,--,--,--,--,--,--,--,--,--,--,--,--,--,--,--,--,--,--,--,0,--,--,,,,,,,,--,--,Distribution,D - unk,Thermapolium,,
Pompei ,,,I.VIII.8,4,49,34,--,,140,calculated,--,--,75,--,--,48,--,,Cylindrical,--,--,--,--,--,--,--,--,--,--,--,--,--,--,--,--,--,--,--,--,--,--,--,--,--,--,--,--,0,--,--,,,,,,,,--,--,Distribution,D - unk,Thermapolium,,
Pompei ,,,I.VIII.8,5,46,32,--,,96,calculated,--,--,73,--,--,41,--,,Cylindrical,--,--,--,--,--,--,--,--,--,--,--,--,--,--,--,--,--,--,--,--,--,--,--,--,--,--,--,--,0,--,--,,,,,,,,--,--,Distribution,D - unk,Thermapolium,,
Pompei ,,,I.VIII.8,6,48,41,--,,130,calculated,--,--,73,--,--,47,--,,Cylindrical,--,--,--,--,--,--,--,--,--,--,--,--,--,--,--,--,--,--,--,--,--,--,--,--,--,--,--,--,0,--,--,,,,,,,,--,--,Distribution,D - unk,Thermapolium,,
Pompei ,,,I.VIII.8,7,--,--,1.9,,78,calculated,--,--,--,49,--,43,--,,Cylindrical,--,--,--,--,--,--,--,--,--,--,--,--,--,--,--,--,--,--,--,--,--,--,--,--,--,--,--,--,0,--,--,,,,,,,,--,--,Distribution,D - unk,Thermapolium,,
Pompei ,,,I.VIII.8,8,--,--,1.9,,80,calculated,--,--,--,50,--,43,--,,Cylindrical,--,--,--,--,--,--,--,--,--,--,--,--,--,--,--,--,--,--,--,--,--,--,--,--,--,--,--,--,0,--,--,,,,,,,,--,--,Distribution,D - unk,Thermapolium,,
Pompei ,,,I.VIII.8,9,66,44,--,,340,calculated,--,--,--,82,--,73,--,,Cylindrical,--,--,--,--,--,--,--,--,--,--,--,--,--,--,--,--,--,--,--,--,--,--,--,--,--,--,--,--,0,--,--,,,,,,,,--,--,Distribution,D - unk,Thermapolium,,
Pompei ,,,I.VIII.8,10,57,34,--,,340,calculated,--,87,--,--,--,71,--,,Cylindrical,--,--,--,--,--,--,--,--,--,--,--,--,--,--,--,--,--,--,--,--,--,--,--,--,--,--,--,--,0,--,--,,,,,,,,--,--,Distribution,D - unk,Thermapolium,,
Pompei ,,,I.VIII.8,11,63,42,--,,290,calculated,--,--,--,91,--,64,--,,Cylindrical,Y,--,--,--,--,--,--,--,--,--,Y,L,P,--,--,--,--,--,--,--,--,--,--,--,--,--,--,--,1,Y,--,,,Y,,,,,--,--,Distribution,D - unk,Thermapolium,,
Pompei ,,,I.VIII.8,12,47,32,--,,--,--,--,--,63,--,--,75,--,,Spherical,--,--,--,--,--,--,--,--,--,--,--,--,--,--,--,--,--,--,--,--,--,--,--,--,--,--,--,--,0,--,--,,,,,,,,--,--,Distribution,D - unk,Thermapolium,,
Pompei ,,,I.VIII.8,13,53,37,--,,--,--,--,--,--,78,--,86,--,,spherical,Y,--,--,--,--,--,--,--,--,--,Y,L,P,--,--,--,--,--,--,--,--,--,--,--,--,--,--,--,1,Y,--,,,Y,,,,,--,--,Distribution,D - unk,Thermapolium,,
Pompei ,,,I.IX.4,1,53,34,--,,--,--,--,--,--,--,--,--,--,,Cylindrical,--,--,--,--,--,--,--,--,--,--,--,--,--,--,--,--,--,--,--,--,--,--,--,--,--,--,--,--,0,--,--,,,,,,,,--,--,Distribution,D - unk,Thermapolium,,
Pompei ,,,I.IX.4,2,48,30,--,,--,--,--,--,--,--,--,--,--,,Cylindrical,--,--,--,--,--,--,--,--,--,--,--,--,--,--,--,--,--,--,--,--,--,--,--,--,--,--,--,--,0,--,--,,,,,,,,--,--,Distribution,D - unk,Thermapolium,,
Pompei ,,,I.IX.4,3,48,31,--,,--,--,--,--,--,--,--,--,--,,Spherical,--,--,--,--,--,--,--,--,--,--,--,--,--,--,--,--,--,--,--,--,--,--,--,--,--,--,--,--,0,--,--,,,,,,,,--,--,Distribution,D - unk,Thermapolium,,
Pompei ,,,I.IX.4,4,49,30,--,,--,--,--,--,--,--,--,--,--,,Spherical,--,--,--,--,--,--,--,--,--,--,--,--,--,--,--,--,--,--,--,--,--,--,--,--,--,--,--,--,0,--,--,,,,,,,,--,--,Distribution,D - unk,Thermapolium,,
Pompei ,,,I.XIII.13,1,--,--,1.8,,--,--,--,--,--,--,--,--,--,,Spherical,--,--,--,--,--,--,--,--,--,--,--,--,--,--,--,--,--,--,--,--,--,--,--,--,--,--,--,--,0,--,--,,,,,,,,--,--,Distribution,D - unk,Thermapolium,,
Pompei ,,,I.XIII.13,2,--,--,2.4,,--,--,--,--,--,--,--,--,--,,Cylindrical,--,--,--,--,--,--,--,--,--,--,--,--,--,--,--,--,--,--,--,--,--,--,--,--,--,--,--,--,0,--,--,,,,,,,,--,--,Distribution,D - unk,Thermapolium,,
Pompei ,,,I.XXI.2,1,--,--,3.3,,,,--,76,--,76,84,--,--,,Spherical,Y,--,--,--,--,--,--,--,--,--,Y,LA,P,--,--,--,Y,LA ,P,--,--,--,--,--,--,--,--,--,2,--,Y,,,Y,,,,,--,--,Production,L - wine,Garden/vineyard,,
Pompei ,,,I.XXI.2,2,53,31,--,,,,--,83,--,83,93,--,--,,Spherical,Y,--,--,--,--,--,--,--,--,--,--,--,--,--,--,--,--,--,--,Y,L,U,Y,L,U,Y,--,--,3,Y,--,,,,Y,,,,--,--,Production,L - wine,Garden/vineyard,,
Pompei ,,,I.XXI.2,3,57,37,--,,,,--,77,--,77,93,--,--,,Spherical,--,--,--,--,--,--,--,--,--,--,--,--,--,--,--,--,--,--,--,--,--,--,--,--,--,--,--,--,0,--,--,,,,,,,,--,--,Production,L - wine,Garden/vineyard,,
Pompei ,,,I.XIV.15,1,48,32,--,,183,calculated,--,--,--,77,--,55,--,,Cylindrical,--,--,--,--,--,--,--,--,--,--,--,--,--,--,--,--,--,--,--,--,--,--,--,--,--,--,--,--,0,--,--,,,--,--,--,--,--,--,--,Distribution,D - unk,Thermapolium,,
Pompei ,,,I.XIV.15,2,53,30,--,,270,calculated,--,--,--,70,--,70,--,,Cylindrical,--,--,--,--,--,--,--,--,--,--,--,--,--,--,--,--,--,--,--,--,--,--,--,--,--,--,--,--,0,--,--,,,--,--,--,--,--,--,--,Distribution,D - unk,Thermapolium,,
Pompei ,,,I.XIV.15,3,52,34,--,,308,calculated,--,--,--,80,--,70,--,,Cylindrical,--,--,--,--,--,--,--,--,--,--,--,--,--,--,--,--,--,--,--,--,--,--,--,--,--,--,--,--,0,--,--,,,--,--,--,--,--,--,--,Distribution,D - unk,Thermapolium,,
Pompei ,,,II.VIII.6,1,72,44,--,,,,125,--,--,--,117,--,--,Large,Spherical,Y,--,--,--,--,--,--,--,--,--,Y,LA,P,--,--,--,Y,B,U,--,--,--,Y,B,U,Y,--,--,4,Y,Y,Y,,Y,Y,Y,,,--,--,?,?,Garden,,
Pompei ,,,II.VIII.6,2,66,41,--,,,,--,90,--,--,90,--,--,,Spherical,Y,--,--,--,--,--,--,--,--,--,--,--,--,--,--,--,Y,L,P,--,--,--,--,--,--,--,--,--,1,Y,--,,,Y,,,,,--,--,?,?,Garden,,
Pompei ,,,II.VIII.6,3,49,30,--,,,,--,--,--,--,80,--,--,,Spherical,--,--,--,--,--,--,--,--,--,--,--,--,--,--,--,--,--,--,--,--,--,--,--,--,--,--,--,--,0,--,--,,,,,,,,--,--,?,?,Garden,,
Pompei ,,,I.XX.5,1,--,--,3.1,,--,--,--,--,--,--,90,--,--,,Spherical,--,--,--,--,--,--,--,--,--,--,--,--,--,--,--,--,--,--,--,--,--,--,--,--,--,--,--,--,0,--,--,,,,,,,,--,--,Production,L - wine,Garden/vineyard,,
Pompei ,,,I.XX.5,2,62,39,--,,--,--,--,30,--,85,95,--,--,,Spherical,--,--,--,--,--,--,--,--,--,--,--,--,--,--,--,--,--,--,--,--,--,--,--,--,--,--,--,--,0,--,--,,,,,,,,--,--,Production,L - wine,Garden/vineyard,,
Pompei ,,,I.XX.5,3,64,36,--,,--,--,--,96,--,--,110,--,--,,Spherical,--,--,--,--,--,--,--,--,--,--,--,--,--,--,--,--,--,--,--,--,--,--,--,--,--,--,--,--,0,--,--,,,,,,,,--,--,Production,L - wine,Garden/vineyard,,
Pompei ,,,I.XX.5,4,--,--,2.6,,--,--,--,--,--,--,90,--,--,,Spherical,--,--,--,--,--,--,--,--,--,--,--,--,--,--,--,--,--,--,--,--,--,--,--,--,--,--,--,--,0,--,--,,,,,,,,--,--,Production,L - wine,Garden/vineyard,,
Pompei ,,,I.XX.1,1,--,--,3.7,,--,--,--,--,--,70,82,74,,,Cylindrical,--,--,--,--,--,--,--,--,--,--,--,--,--,--,--,--,--,--,--,--,--,--,--,--,--,--,--,--,0,--,--,,,,,,,,--,--,Production,L - wine,Inn/vineyard,,
Pompei ,,,I.XX.1,2,50,40,--,--,--,--,--,32,--,--,82,--,--,,Cylindrical,--,--,--,--,--,--,--,--,--,--,--,--,--,--,--,--,--,--,--,--,--,--,--,--,--,--,--,--,0,--,--,,,,,,,,--,--,Production,L - wine,Inn/vineyard,,
Pompei ,,,I.XX.1,3,--,43,4.1,,--,--,--,--,--,--,--,--,--,,Cylindrical,--,--,--,--,--,--,--,--,--,--,--,--,--,--,--,--,--,--,--,--,--,--,--,--,--,--,--,--,0,--,--,,,,,,,,--,--,Production,L - wine,Inn/vineyard,,
Pompei ,,,I.XX.1,4,43,28,--,--,--,--,--,--,--,--,--,--,--,,Unknown,--,--,--,--,--,--,--,--,--,--,--,--,--,--,--,--,--,--,--,--,--,--,--,--,--,--,--,--,0,--,--,,,,,,,,--,--,Production,L - wine,Inn/vineyard,,
Pompei ,,,I.XI.10-11,1,,,,,,,,,,,,,,Large,Spherical,,,,,,,,,,,,,,,,,,,,,,,,,,,,,0,,,,,,,,,,,,Production,L - wine,,no permission,
Pompei ,,,I.XI.10-11,2,,,,,,,,,,,,,,Large,Spherical,,,,,,,,,,,,,,,,,,,,,,,,,,,,,0,,,,,,,,,,,,Production,L - wine,,no permission,
Pompei ,,,I.ii.18-19,1,,,,,,,,,,,,,,Medium?,Cylindrical,,,,,,,,,,,,,,,,,,,,,,,,,,,,,0,,,,,,,,,,,,Distribution,D - unk,,no permission,
Pompeii,,,VIII.iv.17,1,80,48,3.8,,308,calculated,,80,--,--,--,70,--,Large,Cylindrical,--,--,--,--,--,--,--,--,--,--,--,--,--,--,--,--,--,--,--,--,--,--,--,--,--,--,--,--,0,--,--,,,,,,,,--,--,Distribution,D - unk,Shop,,
Pompeii,,,V.II.13,1,57,34,--,,270,calculated,,--,70,--,--,70,--,--,Cylindrical,Y,Y,L,Unk,--,--,--,--,--,--,--,--,--,--,--,--,--,--,--,--,--,--,--,--,--,--,--,--,1,--,Y,,,,,,,,--,--,Distribution,D - unk,Thermapolium,,
Pompeii,,,V.IV.6-7,1,--,--,--,--,--,--,--,--,--,--,70,,,,Cylindrical,--,--,--,--,--,--,--,--,--,--,--,--,--,--,--,--,--,--,--,--,--,--,--,--,--,--,--,--,0,--,--,,,,,,,,--,--,Distribution,L - wine,Shop,no permission,
Pompeii,,,V.IV.6-7,2,53,38,--,--,--,--,--,--,--,--,--,--,--,,Spherical,--,--,--,--,--,--,--,--,--,--,--,--,--,--,--,--,--,--,--,--,--,--,--,--,--,--,--,--,0,--,--,,,,,,,,--,--,Distribution,L - wine,Shop,no permission,
Pompeii,,,V.IV.6-7,3,64,40,--,--,--,--,--,--,--,--,100,--,--,,Spherical,--,--,--,--,--,--,--,--,--,--,--,--,--,--,--,--,--,--,--,--,--,--,--,--,--,--,--,--,0,--,--,,,,,,,,Y,,Distribution,L - wine,Shop,no permission,
Pompeii,,,V.IV.6-7,4,52,37,--,--,--,--,--,--,--,--,70,--,--,,Cylindrical,--,--,--,--,--,--,--,--,--,--,--,--,--,--,--,--,--,--,--,--,--,--,--,--,--,--,--,--,0,--,--,,,,,,,,--,--,Distribution,L - wine,Shop,no permission,
Pompeii,,,V.IV.6-7,5,60,38,--,--,--,--,--,--,--,--,100,--,--,,Spherical,--,--,--,--,--,--,--,--,--,--,--,--,--,--,--,--,--,--,--,--,--,--,--,--,--,--,--,--,0,--,--,,,,,,,,Y,,Distribution,L - wine,Shop,no permission,
Pompeii,,,V.IV.6-7,6,49,30,--,--,--,--,--,--,--,--,74,--,--,,Cylindrical,--,--,--,--,--,--,--,--,--,--,--,--,--,--,--,--,--,--,--,--,--,--,--,--,--,--,--,--,0,--,--,,,,,,,,--,--,Distribution,L - wine,Shop,no permission,
Pompeii,,,V.IV.6-7,7,63,42,--,--,--,--,--,--,--,--,70,--,--,,Cylindrical,Y,--,--,--,--,--,--,--,--,--,Y,L,P,--,--,--,--,--,--,--,--,--,Y,L,Unk,--,--,--,2,Y,--,,,Y,,,,Y,,,Distribution,L - wine,Shop,no permission,
Pompeii,,,V.IV.6-7,8,60,41,--,--,--,--,--,--,--,--,80,--,--,,Cylindrical,Y,--,--,--,--,--,--,--,--,--,Y,L,P,--,--,--,--,--,--,Y,LI,U,--,--,--,--,--,--,2,Y,,,,Y,Y,Y,,,,,Distribution,L - wine,Shop,no permission,
Pompeii,,,IX.IX.1,1,60,43,--,,330,calculate,--,--,--,85,--,70,--,,Cylindrical,--,--,--,--,--,--,--,--,--,--,--,--,--,--,--,--,--,--,--,--,--,--,--,--,--,--,--,--,0,--,--,--,,--,--,--,--,--,--,--,Distribution,D - unk,Thermapolium,,
Pompeii,,,IX.IX.1,2,54,39,--,,210,calculate,--,--,--,70,--,62,--,,Cylindrical,--,--,--,--,--,--,--,--,--,--,--,--,--,--,--,--,--,--,--,--,--,--,--,--,--,--,--,--,0,--,--,--,,--,--,--,--,--,--,--,Distribution,D - unk,Thermapolium,,
Pompeii,,,IX.IX.1,3,56,37,--,,340,calculate,--,--,--,84,--,72,--,,Cylindrical,--,--,--,--,--,--,--,--,--,--,--,--,--,--,--,--,--,--,--,--,--,--,--,--,--,--,--,--,0,--,--,--,,--,--,--,--,--,--,--,Distribution,D - unk,Thermapolium,,
Pompeii,,,IX.IX.1,4,50,36,--,,170,calculate,--,--,--,70,--,58,--,,Cylindrical,Y,--,--,--,--,--,--,--,--,--,--,--,--,--,--,--,--,--,--,--,--,--,Y,L,Unk,--,--,--,1,Y,--,--,,--,--,--,--,--,--,--,Distribution,D - unk,Thermapolium,,
Pompeii,,,IX.IX.10,1,53,32,3.5,,425,pompeiiinpictures,--,--,--,80,95,--,--,Medium,Spherical,--,--,--,--,--,--,--,--,--,--,--,--,--,--,--,--,--,--,--,--,--,--,--,--,--,--,--,--,0,--,--,--,,--,--,--,--,--,--,--,?,L - wine,Garden/vineyard,,
Pompeii,,,I.XIV.15,1,48,32,--,,120,calculated,,--,--,77,--,55,--,Small,Cylindrical,--,--,--,--,--,--,--,--,--,--,--,--,--,--,--,--,--,--,--,--,--,--,--,--,--,--,--,--,0,--,--,--,,--,--,--,--,--,--,--,Distribution,D - unk,Thermapolium,,
Pompeii,,,I.XIV.15,2,53,30,--,,270,calculated,,--,--,70,--,70,--,,Cylindrical,--,--,--,--,--,--,--,--,--,--,--,--,--,--,--,--,--,--,--,--,--,--,--,--,--,--,--,--,0,--,--,--,,--,--,--,--,--,--,--,Distribution,D - unk,Thermapolium,,
Pompeii,,,I.XIV.15,3,52,34,--,,310,calculated,,--,--,80,--,70,--,,Cylindrical,--,--,--,--,--,--,--,--,--,--,--,--,--,--,--,--,--,--,--,--,--,--,--,--,--,--,--,--,0,--,--,--,,--,--,--,--,--,--,--,Distribution,D - unk,Thermapolium,,
Pompeii,,,VII.V.21,1,78,45,--,,,,,--,--,--,140,--,--,Large,Spherical,Y,--,--,--,--,--,--,--,--,--,Y,LA,P,--,--,--,Y,LA,P,--,--,--,--,--,--,--,--,--,2,--,Y,--,,Y,--,--,--,--,--,--,Distribution,L,Shop,,
Pompeii,,,II.I.8-9,1,50,30,3,,,,,65,,--,80,--,--,small/medium,spherical,Y,--,--,--,--,--,--,--,--,--,--,--,--,--,--,--,--,--,--,Y,L,Unk,Y,L,Unk,--,--,--,2,Y,--,,,,,,Y,,--,--,Production,L - wine,Garden/vineyard,,
Pompeii,,,I.VIII.15,1,--,--,3,,--,--,--,--,--,70,82,77,--,Large,Spherical,--,--,--,--,--,--,--,--,--,--,--,--,--,--,--,--,--,--,--,--,--,--,--,--,--,--,--,--,0,--,--,,,,,,,,--,--,Distribution,D - unk,Thermapolium,,
Pompeii,,,I.VIII.15,2,48,31,--,,156,3D model,--,--,--,76,--,50,--,,Spherical,--,--,--,--,--,--,--,--,--,--,--,--,--,--,--,--,--,--,--,--,--,--,--,--,--,--,--,--,0,--,--,,,,,,,,--,--,Distribution,D - unk,Thermapolium,,
Pompeii,,,I.VIII.15,3,60,41,--,,180,calculate,--,--,--,70,--,62,--,,Cylindrical,--,--,--,--,--,--,--,--,--,--,--,--,--,--,--,--,--,--,--,--,--,--,--,--,--,--,--,--,0,--,--,,,,,,,,--,--,Distribution,D - unk,Thermapolium,,
Pompeii,,,I.VIII.15,4,56,39.5,--,,155,3D model,--,--,--,74,--,62,--,,Cylindrical,--,--,--,--,--,--,--,--,--,--,--,--,--,--,--,--,--,--,--,--,--,--,--,--,--,--,--,--,0,--,--,,,,,,,,--,--,Distribution,D - unk,Thermapolium,,
Pompeii,,,I.VIII.15,5,56,37,--,,244,calculate,--,--,--,76,--,64,--,,Cylindrical,Y,Y,L,U,--,--,--,--,--,--,--,--,--,--,--,--,--,--,--,--,--,--,--,--,--,--,--,--,1,--,Y,,,,,,,,--,--,Distribution,D - unk,Thermapolium,,
Pompeii,,,I.VIII.15,6,51,32,--,,180,3D model,--,--,--,82,--,57,--,,Cylindrical,--,--,--,--,--,--,--,--,--,--,--,--,--,--,--,--,--,--,--,--,--,--,--,--,--,--,--,--,0,--,--,,,,,,,,--,--,Distribution,D - unk,Thermapolium,,
Pompeii,,,VI.IX.2,1,64,39,--,--,--,--,--,115,--,--,100,--,--,Large,Spherical,--,--,--,--,--,--,--,--,--,--,--,--,--,--,--,--,--,--,--,--,--,--,--,--,--,--,--,--,0,--,--,,,,,,,,--,--,?,Lime - REUSE,Garden,,
Pompeii,,,VI.IX.2,2,--,--,2.5,,230,calculate,,76,--,--,62,--,--,,Cylindrical,--,--,--,--,--,--,--,--,--,--,--,--,--,--,--,--,--,--,--,--,--,--,--,--,--,--,--,--,0,--,--,,,,,,,,--,--,?,?,Garden,,
Pompeii,,,VI.XV.13-15,1,43,28,--,--,--,--,--,--,--,--,60,--,--,small,Spherical,--,--,--,--,--,--,--,--,--,--,--,--,--,--,--,--,--,--,--,--,--,--,--,--,--,--,--,--,0,--,--,,,,,,,,--,--,Distribution,L,Shop,,
Pompeii,,,VI.XV.13-15,2,40,26,--,,120,calculate,--,--,--,60,--,51,--,,Cylindrical,Y,--,--,--,--,--,--,--,--,--,--,--,--,--,--,--,--,--,--,--,--,--,Y,NA,P,--,--,--,1,--,--,--,,Y,,,,,--,--,Distribution,D - unk,Thermapolium,,
Pompeii,,,VI.XV.13-15,3,41,26,--,,100,3D model,--,--,--,64,--,56,--,,Spherical,--,--,--,--,--,--,--,--,--,--,--,--,--,--,--,--,--,--,--,--,--,--,--,--,--,--,--,--,0,--,--,--,,,,,,,--,--,Distribution,D - unk,Thermapolium,,
Pompeii,,,VI.XV.13-15,4,44,32,--,,140,calculate,--,--,--,73,--,45,--,,Cylindrical,--,--,--,--,--,--,--,--,--,--,--,--,--,--,--,--,--,--,--,--,--,--,--,--,--,--,--,--,0,--,--,--,,,,,,,--,--,Distribution,D - unk,Thermapolium,,
Pompeii,,,VI.XV.13-15,5,65,42,--,--,--,--,--,--,--,50,--,45,--,large,Spherical,Y,--,--,--,--,--,--,--,--,--,--,--,--,--,--,--,--,--,--,--,--,--,Y,NA,P,--,--,--,1,--,--,--,,Y,,,,,--,--,Distribution,L,Shop,,
Pompeii,,,VI.XV.13-15,frag 1,--,--,--,,--,--,--,--,--,--,--,--,--,large,Spherical,--,--,--,--,--,--,--,--,--,--,--,--,--,--,--,--,--,--,--,--,--,--,--,--,--,--,--,--,0,--,--,--,,--,,,,,--,--,Distribution,?,?,,
Pompeii,,,VI.XV.13-15,frag 2,--,--,3.2,,--,--,--,--,--,--,--,--,--,large,Spherical,--,--,--,--,--,--,--,--,--,--,--,--,--,--,--,--,--,--,--,--,--,--,--,--,--,--,--,--,0,--,--,--,,--,,,,,--,--,Distribution,?,?,,
Pompeii,,,VI.XV.16,1,--,36,2.3,,180,calculate,--,--,76,--,--,54,--,,Cylindrical,--,--,--,--,--,--,--,--,--,--,--,--,--,--,--,--,--,--,--,--,--,--,--,--,--,--,--,--,0,--,--,--,,--,,,,,--,--,distribution,D - unk,Thermapolium,,
Pompeii,,,VI.XV.16,2,--,--,--,--,--,--,--,--,--,--,--,--,--,large,Spherical,--,--,--,--,--,--,--,--,--,--,--,--,--,--,--,--,--,--,--,--,--,--,--,--,--,--,--,--,0,--,--,--,,--,,,,,--,--,Distribution,L,Shop,,
Pompeii,,,VI.XIV.21-22,1,45,29,--,--,--,--,--,--,--,--,--,--,--,small,Cylindrical,--,--,--,--,--,--,--,--,--,--,--,--,--,--,--,--,--,--,--,--,--,--,--,--,--,--,--,--,0,--,--,--,,--,,,,,--,--,Other,L,Fullonica,,
Pompeii,,,VI.XIV.27,1,50,31,--,--,--,--,--,--,--,--,--,--,--,large,Spherical,--,--,--,--,--,--,--,--,--,--,--,--,--,--,--,--,--,--,--,--,--,--,--,--,--,--,--,--,0,--,--,--,,--,,,,,--,--,Storage,?,House,,
Pompeii,,,VI.XIV.27,2,44,26.5,--,,136+,3D,--,--,--,--,75,--,--,large,Spherical,--,--,--,--,--,--,--,--,--,--,--,--,--,--,--,--,--,--,--,--,--,--,--,--,--,--,--,--,0,--,--,--,,--,,,,,--,--,Storage,?,House,,
Pompeii,,,VI.XIV.27,3,--,--,2.7,,--,--,--,--,--,--,82,--,--,large,Spherical,--,--,--,--,--,--,--,--,--,--,--,--,--,--,--,--,--,--,--,--,--,--,--,--,--,--,--,--,0,--,--,--,,--,,,,,--,--,Storage,?,House,,
Pompeii,,,VI.XIV.27,frag 1,--,--,--,--,--,--,--,--,--,--,--,--,--,--,Spherical,Y,--,--,--,--,--,--,--,--,--,--,--,--,--,--,--,--,--,--,--,--,--,Y,NA,P,--,--,--,1,--,--,--,,Y,,,,,--,--,Storage,?,House,,
Pompeii,,,VII.IV.58,1,34,24,--,--,--,--,--,--,--,--,55,--,--,--,Spherical,Y,--,--,--,--,--,--,--,--,--,Y,L,U,--,--,--,--,--,--,--,--,--,--,--,--,--,--,--,1,Y,--,--,,--,Y,--,--,--,--,--,?,?,Shop,,
Pompeii,,,VI.IX.10,1,64,40,--,--,--,--,--,75,--,--,115,--,--,--,Spherical,--,--,--,--,--,--,--,--,--,--,--,--,--,--,--,--,--,--,--,--,--,--,--,--,--,--,--,--,0,--,--,--,,--,--,--,--,--,--,--,?,?,?,,
Pompeii,,,VI.IX.10,2,53,38,--,,193,calculate,--,60,--,--,64,--,--,,Cylindrical,--,--,--,--,--,--,--,--,--,--,--,--,--,--,--,--,--,--,--,--,--,--,--,--,--,--,--,--,0,--,--,--,,--,--,--,--,--,--,--,?,?,?,,
Pompeii,,,VI.VIII.11,1,78,49,--,--,--,--,--,--,--,--,90,--,--,large,Cylindrical,Y,--,--,--,Y,Unk,U,--,--,--,--,--,--,--,--,--,--,--,--,--,--,--,--,--,--,--,--,--,1,--,--,--,,--,Y,--,--,Y,--,--,Distribution,?,Shop,,
Pompeii,,,VI.VIII.9-10,1,73.5,51,--,,482,calculate,,83,--,--,86,--,--,--,Cylindrical,--,--,--,--,--,--,--,--,--,--,--,--,--,--,--,--,--,--,--,--,--,--,--,--,--,--,--,--,0,--,--,--,,--,--,--,--,--,Y,--,Distribution,?,Shop,A(uli) APPVLEI HILARONIS,
Pompeii,,,VI.VIII.9-10,2,78,54,3.7,,531,calculate,,75,--,--,100,95,--,,Cylindrical,Y,--,--,--,--,--,--,--,--,--,--,--,--,--,--,--,--,--,--,Y,NA,U,--,--,--,--,--,--,1,--,--,--,,--,Y,--,--,--,--,--,Distribution,?,Shop,,
Pompeii,,,VI.VIII.9-10,3,--,--,3.3,,--,--,--,--,--,--,88,80,--,,Cylindrical,--,--,--,--,--,--,--,--,--,--,--,--,--,--,--,--,--,--,--,--,--,--,--,--,--,--,--,--,0,--,--,--,,--,--,--,--,--,--,--,Distribution,?,Shop,,
Pompeii,,,VI.VIII.9-10,4,--,--,2.5,,--,--,--,--,--,--,70,--,--,,Cylindrical,--,--,--,--,--,--,--,--,--,--,--,--,--,--,--,--,--,--,--,--,--,--,--,--,--,--,--,--,0,--,--,--,,--,--,--,--,--,--,--,Distribution,?,Shop,,
Pompeii,,,VI.VIII.9-10,5,38,25,--,--,--,--,--,--,--,--,53,--,--,small,Cylindrical,--,--,--,--,--,--,--,--,--,--,--,--,--,--,--,--,--,--,--,--,--,--,--,--,--,--,--,--,0,--,--,--,,--,--,--,--,--,--,--,Distribution,?,Shop,,
Pompeii,,,VI.VIII.8,1,49.5,34,--,--,--,--,--,--,--,--,60,--,--,,Cylindrical,--,--,--,--,--,--,--,--,--,--,--,--,--,--,--,--,--,--,--,--,--,--,--,--,--,--,--,--,0,--,--,--,,--,--,--,--,Y,--,--,Distribution,D - unk,Shop,,
Pompeii,,,VI.VIII.8,2,59,37,--,--,--,--,--,--,--,--,90,--,--,,Cylindrical,--,--,--,--,--,--,--,--,--,--,--,--,--,--,--,--,--,--,--,--,--,--,--,--,--,--,--,--,0,--,--,--,,--,--,--,--,Y,--,--,Distribution,D - unk,Shop,,
Pompeii,,,VI.VIII.8,3,--,27,--,--,--,--,--,--,--,--,--,--,--,,Cylindrical,--,--,--,--,--,--,--,--,--,--,--,--,--,--,--,--,--,--,--,--,--,--,--,--,--,--,--,--,0,--,--,--,--,--,--,--,--,--,--,--,Distribution,D - unk,Thermapolium,,
Pompeii,,,VI.VIII.8,4,47,32,--,--,--,--,--,--,--,--,--,--,--,,Cylindrical,--,--,--,--,--,--,--,--,--,--,--,--,--,--,--,--,--,--,--,--,--,--,--,--,--,--,--,--,0,--,--,--,--,--,--,--,--,--,--,--,Distribution,D - unk,Thermapolium,,
Pompeii,,,VI.VIII.8,5,41,28,--,--,--,--,--,--,--,--,--,--,--,,Cylindrical,--,--,--,--,--,--,--,--,--,--,--,--,--,--,--,--,--,--,--,--,--,--,--,--,--,--,--,--,0,--,--,--,--,--,--,--,--,--,--,--,Distribution,D - unk,Thermapolium,,
Pompeii,,,VI.VIII.8,6,67,48,--,--,--,--,--,--,--,--,--,--,--,,Cylindrical,--,--,--,--,--,--,--,--,--,--,--,--,--,--,--,--,--,--,--,--,--,--,--,--,--,--,--,--,0,--,--,--,Y,--,Y,--,--,Y,--,--,Distribution,D - unk,Thermapolium,,
Pompeii,,,VI.VIII.8,7,75,50,--,--,--,--,--,--,--,--,--,--,--,,Cylindrical,--,--,--,--,--,--,--,--,--,--,--,--,--,--,--,--,--,--,--,--,--,--,--,--,--,--,--,--,0,--,--,--,,--,--,--,--,Y,--,Y,Distribution,D - unk,Thermapolium,,
Pompeii,,,VI.VIII.8,8,77,48,--,--,--,--,--,--,--,--,--,--,--,,Cylindrical,--,--,--,--,--,--,--,--,--,--,--,--,--,--,--,--,--,--,--,--,--,--,--,--,--,--,--,--,0,--,--,--,--,--,--,--,--,Y,--,Y,Distribution,D - unk,Thermapolium,,
Pompeii,,,VI.VIII.8,9,83,55,--,--,--,--,--,--,--,--,--,--,--,,Cylindrical,--,--,--,--,--,--,--,--,--,--,--,--,--,--,--,--,--,--,--,--,--,--,--,--,--,--,--,--,0,--,--,--,--,--,--,--,--,--,Y,Y,Distribution,D - unk,Thermapolium,,
Pompeii,,,VI.VIII.8,10,75,49,--,--,--,--,--,--,--,--,--,--,--,,Cylindrical,--,--,--,--,--,--,--,--,--,--,--,--,--,--,--,--,--,--,--,--,--,--,--,--,--,--,--,--,0,--,--,--,--,--,--,--,--,--,Y,Y,Distribution,D - unk,Thermapolium,CXV,LAVRINI PINNIAES
Pompeii,,,VI.VIII.8,11,,36,--,--,--,--,--,50,--,--,--,--,--,,Cylindrical,--,--,--,--,--,--,--,--,--,--,--,--,--,--,--,--,--,--,--,--,--,--,--,--,--,--,--,--,0,--,--,--,--,--,--,--,--,--,--,--,Distribution,D - unk,Thermapolium,,
Pompeii,,,VII.XVI.4,1,48,32,--,--,--,--,--,55,--,65,65,--,--,small,Spherical,--,--,--,--,--,--,--,--,--,--,--,--,--,--,--,--,--,--,--,--,--,--,--,--,--,--,--,--,0,--,--,--,--,--,--,--,--,--,--,--,Distribution,?,Shop,,
Pompeii,,,VII.XVI.6,1,42,26,--,--,--,--,--,66,--,56,62,54,--,small,Spherical,--,--,--,--,--,--,--,--,--,--,--,--,--,--,--,--,--,--,--,--,--,--,--,--,--,--,--,--,0,--,--,--,--,--,--,--,--,--,--,--,Distribution,D - flour,Mills,,
Pompeii,,,VII.XVI.7,1,39,25,--,--,--,--,--,45,--,47,62,51,--,small,Spherical,--,--,--,--,--,--,--,--,--,--,--,--,--,--,--,--,--,--,--,--,--,--,--,--,--,--,--,--,0,--,--,--,--,--,--,--,--,--,--,--,Distribution,L,Shop,,
Pompeii,,,VII.XVI.7,2,--,--,2.6,,--,--,--,--,--,--,60,54,--,small,Spherical,--,--,--,--,--,--,--,--,--,--,--,--,--,--,--,--,--,--,--,--,--,--,--,--,--,--,--,--,0,--,--,--,--,--,--,--,--,--,--,--,Distribution,L,Shop,,
Pompeii,,,VII.XVI.7,3,42,26,--,--,--,--,--,--,--,--,--,--,--,small,Spherical,--,--,--,--,--,--,--,--,--,--,--,--,--,--,--,--,--,--,--,--,--,--,--,--,--,--,--,--,0,--,--,--,--,--,--,--,--,--,--,--,Distribution,D - unk,Thermapolium,,
Pompeii,,,II.V.5,1,61,43,--,,550,3D model,--,--,105,--,--,120,--,large,Spherical,Y,--,--,--,--,--,--,--,--,--,Y,L,P,--,--,--,Y,L,P,--,--,--,Y,L,Unk,--,--,--,3,Y,--,--,,Y,--,M,Y,--,--,--,Production,L - wine,Vineyard,,
Pompeii,,,II.V.5,2,--,--,3.6,,300,3D model,--,--,80,--,--,85,--,large,Spherical,--,--,--,--,--,--,--,--,--,--,--,--,--,--,--,--,--,--,--,--,--,--,--,--,--,--,--,--,0,--,--,--,,--,--,--,--,--,--,--,Production,L - wine,Vineyard,,
Pompeii,,,II.V.5,3,69,44,--,,,,--,--,115,--,--,117,--,large,Spherical,--,--,--,--,--,--,--,--,--,--,--,--,--,--,--,--,--,--,--,--,--,--,--,--,--,--,--,--,0,--,--,--,,--,--,--,--,--,--,--,Production,L - wine,Vineyard,,
Pompeii,,,II.V.5,4,71,45,--,,600,3D model,--,--,104,--,--,117,--,large,Spherical,Y,--,--,--,--,--,--,--,--,--,Y,NA,P,--,--,--,--,--,--,--,--,--,--,--,--,--,--,--,1,--,--,--,,Y,--,--,--,--,Y,--,Production,L - wine,Vineyard,EROTICV (S? I?),
Pompeii,,,II.V.5,5,70,45,--,,600,3D Model,--,--,104,--,--,120,--,large,Spherical,Y,--,--,--,--,--,--,--,--,--,--,--,--,--,--,--,Y,L,P,--,--,--,--,--,--,--,--,--,1,Y,--,--,,Y,--,--,--,--,--,--,Production,L - wine,Vineyard,,
Pompeii,,,II.V.5,6,65,42,--,,,,--,--,105,--,--,110,--,large,Spherical,--,--,--,--,--,--,--,--,--,--,--,--,--,--,--,--,--,--,--,--,--,--,--,--,--,--,--,--,0,--,--,--,,--,--,--,--,--,--,--,Production,L - wine,Vineyard,,
Pompeii,,,II.V.5,7,71,45,--,,770,3D Model,,--,106,--,--,120,--,large,Spherical,--,--,--,--,--,--,--,--,--,--,--,--,--,--,--,--,--,--,--,--,--,--,--,--,--,--,--,--,0,--,--,--,,--,--,--,--,--,Y,--,Production,L - wine,Vineyard,illlegible,
Pompeii,,,II.V.5,8,72,46,4.7,,630,3D model,,--,102,--,--,84,--,large,Spherical,Y,--,--,--,--,--,--,--,--,--,--,--,--,--,--,--,Y,NA,P,Y,L,U,Y,L,Unk,Y,L,U,3,Y,--,--,,Y,Y,Y,--,--,--,--,Production,L - wine,Vineyard,,
Pompeii,,,II.V.5,9,--,--,4.6,,300,3D model,,--,80,--,--,120,--,large,Spherical,Y,--,--,--,--,--,--,--,--,--,--,--,--,--,--,--,--,--,--,--,--,--,Y,L,P,--,--,--,1,Y,--,--,,Y,--,--,Y,--,--,--,Production,L - wine,Vineyard,,
Pompeii,,,II.V.5,10,77,49,--,,750,3D model,,--,116,--,--,120,--,large,Spherical,Y,--,--,--,Y,L,U,--,--,--,Y,L,P,--,--,--,Y,L,P,--,--,--,--,--,--,--,--,--,3,Y,--,--,,Y,Y,Y,--,--,--,--,Production,L - wine,Vineyard,,
Pompeii,,,I.III.20/22,4,,,,,,,,--,,,,,,,Cylindrical,,,,,,,,,,,,,,,,,,,,,,,,,,,,,0,,,,,,,,,,,,,L - wine,Jashemski p. 27; no permesso. four large embedded dolia,,
Pompeii,,,VII.13.20,1,46,30,4.1,,150,3D Model,,--,--,68,--,64,--,,spherical,--,--,--,--,--,--,--,--,--,--,--,--,--,--,--,--,--,--,--,--,--,--,--,--,--,--,--,--,0,--,--,,,--,--,--,--,--,--,--,Distribution,D - unk,Thermapolium,,
Pompeii,,,VII.13.20,2,--,--,2.4,,77,calculated,,--,--,58,--,43,--,,cylindrical,--,--,--,--,--,--,--,--,--,--,--,--,--,--,--,--,--,--,--,--,--,--,--,--,--,--,--,--,0,--,--,,,--,--,--,--,--,--,--,Distribution,D - unk,Thermapolium,,
Pompeii,,,VII.13.20,3,--,--,2.2,,64,calculated,,--,--,44,--,43,--,,cylindrical,--,--,--,--,--,--,--,--,--,--,--,--,--,--,--,--,--,--,--,--,--,--,--,--,--,--,--,--,0,--,--,,,--,--,--,--,--,--,--,Distribution,D - unk,Thermapolium,,
Pompeii,,,VII.13.20,4,--,--,2.1,,41,calculated,,--,--,45,38,34,--,,cylindrical,--,--,--,--,--,--,--,--,--,--,--,--,--,--,--,--,--,--,--,--,--,--,--,--,--,--,--,--,0,--,--,,,--,--,--,--,--,--,--,Distribution,D - unk,Thermapolium,,
Pompeii,,,I.6.8,1,50,36,4,,150,calculated,--,61,78,--,62,51,--,,Cylindrical,--,--,--,--,--,--,--,--,--,--,--,--,--,--,--,--,--,--,--,--,--,--,--,--,--,--,--,--,0,--,--,,,--,--,--,--,--,--,--,Distribution,D - unk,Shop,,
Pompeii,,,I.6.8,2,55,38,3.5,,280,calculated,,61,86,--,71,64,--,,Cylindrical,--,--,--,--,--,--,--,--,--,--,--,--,--,--,--,--,--,--,--,--,--,--,--,--,--,--,--,--,0,--,--,,,--,--,--,--,--,--,--,Distribution,D - unk,Shop,,
Pompeii,,,I.6.8,3,48,33,3.5,,141,3D Model,90,--,80,--,63,56,--,,cylindrical,--,--,--,--,--,--,--,--,--,--,--,--,--,--,--,--,--,--,--,--,--,--,--,--,--,--,--,--,0,--,--,,,--,--,--,--,--,--,--,Distribution,D - unk,Shop,,
Pompeii,,,I.6.8,4,--,--,2.7,,400,calculated,--,60,90,--,80,75,--,,cylindrical,--,--,--,--,--,--,--,--,--,--,--,--,--,--,--,--,--,--,--,--,--,--,--,--,--,--,--,--,0,--,--,,,--,--,--,--,--,--,--,,,,,
Pompeii,,,I.6.8,5,,,2.7,,,,,,,,,,,,Unknown,--,--,--,--,--,--,--,--,--,--,--,--,--,--,--,--,--,--,--,--,--,--,--,--,--,--,--,--,0,,,,,,,,,,--,--,,,,,
Pompeii,,,I.6.8,6,,,2.9,,,,,,,,,,22,,Unknown,--,--,--,--,--,--,--,--,--,--,--,--,--,--,--,--,--,--,--,--,--,--,--,--,--,--,--,--,0,,,,,,,,,,,--,,,,,
Pompeii,,,I.6.8,7,,,2.7,,,,,,,,,,,,Unknown,--,--,--,--,--,--,--,--,--,--,--,--,--,--,--,--,--,--,--,--,--,--,--,--,--,--,--,--,0,--,--,,,--,--,--,--,--,--,--,,,,,
Pompeii,,,I.6.8,8,,,2.9,,,,,,,,,,,,Unknown,--,--,--,--,--,--,--,--,--,--,--,--,--,--,--,--,--,--,--,--,--,--,--,--,--,--,--,--,0,--,--,,,--,--,--,--,--,--,--,,,,,
Pompeii,,,I.6.8,9,,,2.4,,,,,,,,,,,,Unknown,--,--,--,--,--,--,--,--,--,--,--,--,--,--,--,--,--,--,--,--,--,--,--,--,--,--,--,--,0,--,--,,,--,--,--,--,--,--,--,,,,,
Pompeii,,,I.6.8,10,,,,,,,,,,,,,18,,Unknown,--,--,--,--,--,--,--,--,--,--,--,--,--,--,--,--,--,--,--,--,--,--,--,--,--,--,--,--,0,--,--,,,--,--,--,--,--,--,--,,,,,
Pompeii,,,I.6.8,11,,,2.5,,,,,,,,,,,,cylindrical,Y,--,--,--,--,--,--,--,--,--,Y,NA,U,--,--,--,--,--,--,--,--,--,Y,L,U,--,--,--,2,,,,,,,,,,--,--,,,,,
Pompeii,,,I.6.8,12,,,3.2,,,,,,,,,,,,cylindrical,Y,--,--,--,--,--,--,--,--,--,--,--,--,--,--,--,--,--,--,--,--,--,Y,L,U,--,--,--,1,,,,,,,,,,--,--,,,,,
Pompeii,,,I.6.8,13,--,--,3.1,,--,--,--,--,--,--,--,--,18,--,cylindrical,--,--,--,--,--,--,--,--,--,--,--,--,--,--,--,--,--,--,--,--,--,--,--,--,--,--,--,--,0,--,--,,,--,--,--,--,--,--,--,,,,,
Pompeii,,,I.6.8,14,--,--,3.3,,--,--,--,--,--,--,--,--,37,--,cylindrical,--,--,--,--,--,--,--,--,--,--,--,--,--,--,--,--,--,--,--,--,--,--,--,--,--,--,--,--,0,--,--,,,--,--,--,--,--,--,--,,,,,
Pompeii,,,Villa of the Mysteries,1,68,41,--,--,--,--,--,--,--,116,110,114,--,Large,Spherical,--,--,--,--,--,--,--,--,--,--,--,--,--,--,--,--,--,--,--,--,--,--,--,--,--,--,--,--,0,--,--,,,--,--,--,--,--,Y,--,Production,L - wine,vineyard/villa,,
Pompeii,,,Villa of the Mysteries,2,--,--,3.8,,--,--,--,--,--,--,110,--,--,Large,Spherical,Y,--,--,--,--,--,--,--,--,--,Y,L,P,--,--,--,--,--,--,--,--,--,--,--,--,--,--,--,1,Y,--,,,Y,--,--,--,--,--,--,Production,L - wine,vineyard/villa,,
Pompeii,,,Villa of the Mysteries,3,73,46,--,,--,--,--,--,--,--,--,--,--,Large,Spherical,Y,--,--,--,--,--,--,--,--,--,Y,L,P,--,--,--,Y,L,P,--,--,--,--,--,--,Y,L,U,3,Y,--,,,Y,Y,Y,--,--,--,--,Production,L - wine,vineyard/villa,Hybrid double dovetail-staple/clamp,
Pompeii,,,Villa of the Mysteries,4,76,48,--,,--,--,--,--,--,--,120,--,--,Large,Spherical,Y,--,--,--,--,--,--,--,--,--,Y,L,P,--,--,--,Y,L,P,--,--,--,--,--,--,--,--,--,2,Y,--,,,Y,--,--,--,--,--,Y,Production,L - wine,vineyard/villa,possible incision of Roman numerals,
Pompeii,,,I.2.8,1,--,30,--,--,--,--,--,--,--,--,--,--,--,--,Unknown,--,--,--,--,--,--,--,--,--,--,--,--,--,--,--,--,--,--,--,--,--,--,--,--,--,--,--,--,0,--,--,,,--,--,--,--,--,--,--,Distribution,D - unk,Thermapolium,,
Pompeii,,,I.2.8,2,50,32.5,--,--,--,--,--,--,--,--,--,--,--,--,Unknown,--,--,--,--,--,--,--,--,--,--,--,--,--,--,--,--,--,--,--,--,--,--,--,--,--,--,--,--,0,--,--,,,--,--,--,--,--,--,--,Distribution,D - unk,Thermapolium,,
Pompeii,,,I.2.8,3,55,37,--,--,--,--,--,--,--,--,--,--,--,--,Unknown,--,--,--,--,--,--,--,--,--,--,--,--,--,--,--,--,--,--,--,--,--,--,--,--,--,--,--,--,0,--,--,,,--,--,--,--,--,--,--,Distribution,D - unk,Thermapolium,,
Pompeii,,,I.11.1,1,--,--,3.8,,--,--,--,61,--,--,--,--,--,,Cylindrical,--,--,--,--,--,--,--,--,--,--,--,--,--,--,--,--,--,--,--,--,--,--,--,--,--,--,--,--,0,--,--,,,--,--,--,--,--,--,--,Distribution,D - unk,Thermapolium,,
Pompeii,,,I.11.1,2,54,35,--,,--,--,--,61,--,--,--,--,--,,Cylindrical,--,--,--,--,--,--,--,--,--,--,--,--,--,--,--,--,--,--,--,--,--,--,--,--,--,--,--,--,0,--,--,,,--,--,--,--,--,--,Y,Distribution,D - unk,Thermapolium,incision: IIIXII?,
Pompeii,,,I.11.1,3,57,41,--,,--,--,--,66,--,--,--,--,--,,Cylindrical,--,--,--,--,--,--,--,--,--,--,--,--,--,--,--,--,--,--,--,--,--,--,--,--,--,--,--,--,0,--,--,,,--,--,--,--,--,--,--,Distribution,D - unk,Thermapolium,,
Pompeii,,,I.11.1,4,47,31,--,,--,--,--,63,--,--,--,--,--,,Cylindrical,--,--,--,--,--,--,--,--,--,--,--,--,--,--,--,--,--,--,--,--,--,--,--,--,--,--,--,--,0,--,--,,,--,--,--,--,--,--,--,Distribution,D - unk,Thermapolium,,
Pompeii,,,I.4.11,1,--,--,2.7,,--,--,--,--,--,--,72.5,67,--,--,Spherical,--,--,--,--,--,--,--,--,--,--,--,--,--,--,--,--,--,--,--,--,--,--,--,--,--,--,--,--,0,--,--,,,--,--,--,--,--,--,--,Distribution,L - wine,Shop,,
Pompeii,,,I.9.4,1,53,34,--,--,--,--,--,--,--,--,--,--,--,--,Cylindrical,--,--,--,--,--,--,--,--,--,--,--,--,--,--,--,--,--,--,--,--,--,--,--,--,--,--,--,--,0,--,--,,,--,--,--,--,--,--,--,Distribution,D - unk,Thermapolium,,
Pompeii,,,I.9.4,2,48,30,--,--,--,--,--,--,--,--,--,--,--,--,Cylindrical,--,--,--,--,--,--,--,--,--,--,--,--,--,--,--,--,--,--,--,--,--,--,--,--,--,--,--,--,0,--,--,,,--,--,--,--,--,--,--,Distribution,D - unk,Thermapolium,,
Pompeii,,,I.9.4,3,48,31,--,--,--,--,--,--,--,--,--,--,--,--,Cylindrical,--,--,--,--,--,--,--,--,--,--,--,--,--,--,--,--,--,--,--,--,--,--,--,--,--,--,--,--,0,--,--,,,--,--,--,--,--,--,--,Distribution,D - unk,Thermapolium,,
Pompeii,,,I.9.4,4,49,30,--,--,--,--,--,--,--,--,--,--,--,--,Cylindrical,--,--,--,--,--,--,--,--,--,--,--,--,--,--,--,--,--,--,--,--,--,--,--,--,--,--,--,--,0,--,--,,,--,--,--,--,--,--,--,Distribution,D - unk,Thermapolium,,
Pompeii,,,I.7.8,1,47,30,--,--,--,--,--,--,--,--,--,--,--,--,Cylindrical,--,--,--,--,--,--,--,--,--,--,--,--,--,--,--,--,--,--,--,--,--,--,--,--,--,--,--,--,0,--,--,,,--,--,--,--,--,--,--,Distribution,D - unk,Thermapolium,,
Pompeii,,,I.7.8,2,48,30,--,--,--,--,--,--,--,--,--,--,--,--,Cylindrical,--,--,--,--,--,--,--,--,--,--,--,--,--,--,--,--,--,--,--,--,--,--,--,--,--,--,--,--,0,--,--,,,--,--,--,--,--,--,--,Distribution,D - unk,Thermapolium,,
Pompeii,,,VII.16.4,1,46,30,--,--,--,--,--,--,--,70,70,--,--,--,Spherical,--,--,--,--,--,--,--,--,--,--,--,--,--,--,--,--,--,--,--,--,--,--,--,--,--,--,--,--,0,--,--,,,--,--,--,--,--,--,--,Distribution,L - wine,Shop,,
Pompeii,,,Boscoreale,,78,58,--,,--,--,117,--,--,--,115,--,--,large,Spherical,--,--,--,--,--,--,--,--,--,--,--,--,--,--,--,--,--,--,--,--,--,--,--,--,--,--,--,--,0,--,--,,,--,--,--,--,--,--,--,Production,L - wine,Vineyard,,
Pompeii,,,VII.9.54,1,42,68,3.7,,463,3D model,--,--,--,93,--,117,--,large,Spherical,--,--,--,--,--,--,--,--,--,--,--,--,--,--,--,--,--,--,--,--,--,--,--,--,--,--,--,--,0,--,--,,,--,--,--,--,--,--,--,Distribution,D - unk?,Thermapolium,,
Pompeii,,,VII.9.54,2,63,43,,,--,--,--,--,--,92,--,107,--,large,Spherical,--,--,--,--,--,--,--,--,--,--,--,--,--,--,--,--,--,--,--,--,--,--,--,--,--,--,--,--,0,--,--,,,--,--,--,--,--,--,--,Distribution,D - unk?,Thermapolium,,
Pompeii,,,VII.9.54,3,--,--,3,,320,calculate,,--,--,86,--,69,--,large,Cylindrical,--,--,--,--,--,--,--,--,--,--,--,--,--,--,--,--,--,--,--,--,--,--,--,--,--,--,--,--,0,--,--,,,--,--,--,--,--,--,--,Distribution,D - unk?,Thermapolium,,
Pompeii,,,VII.9.54,4,--,--,3.5,,--,--,,--,--,90,--,103,--,large,Spherical,--,--,--,--,--,--,--,--,--,--,--,--,--,--,--,--,--,--,--,--,--,--,--,--,--,--,--,--,0,--,--,,,--,--,--,--,--,--,--,Distribution,D - unk?,Thermapolium,,
Pompeii,,,VII.9.54,5,--,--,3.3,,210,calculate,,--,--,55,--,70,--,large,Cylindrical,--,--,--,--,--,--,--,--,--,--,--,--,--,--,--,--,--,--,--,--,--,--,--,--,--,--,--,--,0,--,--,,,--,--,--,--,--,--,--,Distribution,D - unk?,Thermapolium,,
Pompeii,,,VI.2.1,1,46,32,--,,260,est,--,75,--,--,--,--,--,,Cylindrical,--,--,--,--,--,--,--,--,--,--,--,--,--,--,--,--,--,--,--,--,--,--,--,--,--,--,--,--,0,--,--,,,--,--,--,--,--,--,--,Distribution,D - unk,Thermapolium,,
Pompeii,,,VI.16.40,1,47,27,--,,,,--,45,--,67,68,--,--,,Spherical,Y,--,--,--,--,--,--,--,--,--,--,--,--,--,--,--,--,--,--,--,--,--,Y,L,Unk,--,--,--,1,Y,--,,,--,--,--,Y,--,--,--,Distribution,L - wine,Shop,,
Pompeii,,,VI.16.40,2,36,22,--,,44,calculate,--,26,--,48,41,37,--,sm,Cylindrical,--,--,--,--,--,--,--,--,--,--,--,--,--,--,--,--,--,--,--,--,--,--,--,--,--,--,--,--,0,--,--,,,--,--,--,--,--,--,--,Distribution,D - flour?,Shop,,
Pompeii,,,VI.16.40,3,44,28,--,,140,calculate,--,46,,68,62,52,,med,Cylindrical,--,--,--,--,--,--,--,--,--,--,--,--,--,--,--,--,--,--,--,--,--,--,--,--,--,--,--,--,0,--,--,,,--,--,--,--,--,--,--,Distribution,D - flour?,Shop,,
Pompeii,,,VI.14.36,1,53,34,--,,250,calculate,--,--,--,84,--,62,--,,Cylindrical,--,--,--,--,--,--,--,--,--,--,--,--,--,--,--,--,--,--,--,--,--,--,--,--,--,--,--,--,0,--,--,,,--,--,--,--,--,Y,--,Distribution,D - unk,Thermapolium,Stamp: M LVCCEI QVARTIONSI     /    AVKIOY,
Pompeii,,,VI.14.36,2,48,33,--,,210,calculate,--,--,--,64,--,64,--,,Cylindrical,--,--,--,--,--,--,--,--,--,--,--,--,--,--,--,--,--,--,--,--,--,--,--,--,--,--,--,--,0,--,--,,,--,--,--,--,--,Y,--,Distribution,D - unk,Thermapolium,Stamp: L CORNELI RUFION,
Pompeii,,,VI.14.36,3,52,33,--,,200,calculate,--,--,--,80,62,56,--,,Cylindrical,--,--,--,--,--,--,--,--,--,--,--,--,--,--,--,--,--,--,--,--,--,--,--,--,--,--,--,--,0,--,--,,,--,--,--,--,--,Y,--,Distribution,L - wine?,Shop,Stamp: _ACINI?,
Pompeii,,,VI.14.36,4,44,27,--,,,,--,--,--,47,76,66,--,,Spherical,--,--,--,--,--,--,--,--,--,--,--,--,--,--,--,--,--,--,--,--,--,--,--,--,--,--,--,--,0,--,--,,,--,--,--,--,--,Y,--,Distribution,L - wine,Shop,Stamp: C.NAEVI/VITALIS,
Pompeii,,,IX.5.11,1,60,37,--,,240,calculate,,81,73,--,71,66,--,,cylindrical,--,--,--,--,--,--,--,--,--,--,--,--,--,--,--,--,--,--,--,--,--,--,--,--,--,--,--,--,0,--,--,,,--,--,--,--,Y,Y,--,Storage,?,House,Stamp: PHILEROS M(arci) FULVI SER(vus),modifications: sets of iron pin pairs on rim
Pompeii,,,VII.6.15,1,49,32,--,,--,--,--,77,--,--,80,--,--,medium/small,Spherical,--,--,--,--,--,--,--,--,--,--,--,--,--,--,--,--,--,--,--,--,--,--,--,--,--,--,--,--,0,--,--,,,--,--,--,--,--,--,--,Distrbution,L - wine?,shop,,
Pompeii,,,VII.6.15,2,46,28,--,,140,calculate/estimate,--,55,--,--,60,--,--,medium/small,Cylindrical,--,--,--,--,--,--,--,--,--,--,--,--,--,--,--,--,--,--,--,--,--,--,--,--,--,--,--,--,0,--,--,,,--,--,--,--,--,--,--,Distrbution,D - unk,shop,,
Pompeii,,,VII.6.15,3,37,22,--,,68,calculate,--,60,--,--,42,35,--,small,Cylindrical,--,--,--,--,--,--,--,--,--,--,--,--,--,--,--,--,--,--,--,--,--,--,--,--,--,--,--,--,0,--,--,,,--,--,--,--,--,--,--,Distrbution,D - unk,shop,,
Pompeii,,,?,21425,--,--,3.8,,--,--,--,--,--,--,--,--,--,large,Spherical,--,--,--,--,--,--,--,--,--,--,--,--,--,--,--,--,--,--,--,--,--,--,--,--,--,--,--,--,--,--,--,--,,--,--,--,--,--,--,,,L - wine,Unknown,GRAFFITO,
Pompeii,,,,47003,80,50,--,,--,--,--,--,--,--,--,--,--,large,Spherical,--,--,--,--,--,--,--,--,--,--,--,--,--,--,--,--,--,--,--,--,--,--,--,--,--,--,--,--,--,--,--,--,,--,--,--,--,--,Y,--,,L - wine,Unknown,EROS.ANTO,
Pompeii,,,,?,55,40,--,,--,--,--,--,--,--,--,--,--,large,Spherical,--,--,--,--,--,--,--,--,--,--,--,--,--,--,--,--,--,--,--,--,--,--,--,--,--,--,--,--,--,--,--,--,,--,--,--,--,--,Y,--,,L - wine,Unknown,EROS . AN/M,
Pompeii,,,,47004,65,50,--,,--,--,--,--,--,--,--,--,--,large,Spherical,--,--,--,--,--,--,--,--,--,--,--,--,--,--,--,--,--,--,--,--,--,--,--,--,--,--,--,--,--,--,--,--,,--,--,--,--,--,Y,--,,L - wine,Unknown,].OS.CORE,
Pompeii,,,,47006,55,40,--,,--,--,--,--,--,--,--,--,--,large,Spherical,--,--,--,--,--,--,--,--,--,--,--,--,--,--,--,--,--,--,--,--,--,--,--,--,--,--,--,--,--,--,--,--,,--,--,--,--,--,Y,--,,L - wine,Unknown,illegible,
Pompeii,,,,47005,80,50,--,,--,--,--,--,--,--,--,--,--,large,Spherical,--,--,--,--,--,--,--,--,--,--,--,--,--,--,--,--,--,--,--,--,--,--,--,--,--,--,--,--,--,--,--,--,,--,--,--,--,--,Y,--,,L - wine,Unknown,illegible,
,,,,,,,,,,,,,,,,,,,,,,,,,,,,,,,,,,,,,,,,,,,,,,,,,,,,,,,,,,,,,,,,
,,,,,,,,,,,,,,,,,,,,,,,,,,,,,,,,,,,,,,,,,,,,,,,,,,,,,,,,,,,,,,,,
,,,,,,,,,,,,,,,,,,,,,,,,,,,,,,,,,,,,,,,,,,,,,,,,,,,,,,,,,,,,,,,,
,,,,,,,,,,,,,,,,,,,,,,,,,,,,,,,,,,,,,,,,,,,,,,,,,,,,,,,,,,,,,,,,
,,,,,,,,,,,,,,,,,,,,,,,,,,,,,,,,,,,,,,,,,,,,,,,,,,,,,,,,,,,,,,,,
Pompeii ,,,averages,,55.52962963,36.99032258,3.201515152,#DIV/0!,303.9025556,,110.7647059,70.93148148,86.45833333,71.57692308,80.41447368,69.05263158,20.91666667,101,108,41,3,0,0,3,0,0,0,0,0,20,0,0,0,0,0,14,0,0,6,0,0,16,0,0,5,0,0,0,22,8,2,1,25,11,5,5,8,21,7,,,,,
count,,,,,,,,,,,Spherical Dolia,Cylindrical Jars,,,,,Spherical Dolia,30,0.731707317,21,7,4,18,6,16,14,3,4,11,5,0,1,,,,,,,,,,,,,,one type,25,five,0,17,,,,,,,,,,,,,,
0,,,,,,,,,,Production,21,4,,,,,Cylindrical Dolia,11,0.268292683,4,3,1,4,2,4,0,3,2,5,0,8,6,,,,,,,,,,,,,,two,9,,,6,,,,,,,,,,,,,,
,,,,,,,,,,Use Life,7,3,Both,,,,,total repaired,% of repaired,Production,Use Life,Both,lead,lead alloy,DD,DDT,Fills,Staples,clamps,Hybrids,Modifications,Inscriptions,,,,,,,,,,,,,,three,5,,,5,,,,,,,,,,,,,,
,,,,,,,,,,Both,4,1,,,,,,,,,,,,,,,,,,,,,,,,,,,,,,,,,,four,2,,,2,,,,,,,,,,,,,,
,,,,,,,,,,,,,,,,,,,,,,,,,,,,,,,,,,,,,,,,,,,,,,,,,,,,,,,,,,,,,,,,
,,,,,,,,,,,,,,,,,,,,,,,,,,,,,,,,,,,,,,,,,,,,,,,,,,,,,,,,,,,,,,,,
,,,,,,,,,,,,,,,,,,,,,,,,,,,,,,,,,,,,,,,,,,,,,,,,,,,,,,,,,,,,,,,,
,,,,,,,,,,,,,,,,,,,,,,,,,,,,,,,,,,,,,,,,,,,,,,,,,,,,,,,,,,,,,,,,
,,,,,,,,,,,,,,,,,,,,,,,,,,,,,,,,,,,,,,,,,,,,,,,,,,,,,,,,,,,,,,,,
,,,,,,,,,,,,,,,,,,,,,,,,,,,,,,,,,,,,,,,,,,,,,,,,,,,,,,,,,,,,,,,,
,,,,,,,,,,,,,,,,,,,,,,,,,,,,,,,,,,,,,,,,,,,,,,,,,,,,,,,,,,,,,,,,
,,,,,,,,,,,,,,,,,,,,,,,,,,,,,,,,,,,,,,,,,,,,,,,,,,,,,,,,,,,,,,,,
,,,,,,,,,,,,,,,,,,,,,,,,,,,,,,,,,,,,,,,,,,,,,,,,,,,,,,,,,,,,,,,,
,,,,,,,,,,,,,,,,,,,,,,,,,,,,,,,,,,,,,,,,,,,,,,,,,,,,,,,,,,,,,,,,
,,,,,,,,,,,,,,,,,,,,,,,,,,,,,,,,,,,,,,,,,,,,,,,,,,,,,,,,,,,,,,,,
,,,,,,,,,,,,,,,,,,,,,,,,,,,,,,,,,,,,,,,,,,,,,,,,,,,,,,,,,,,,,,,,
,,,,,,,,,,,,,,,,,,,,,,,,,,,,,,,,,,,,,,,,,,,,,,,,,,,,,,,,,,,,,,,,
,,,,,,,,,,,,,,,,,,,,,,,,,,,,,,,,,,,,,,,,,,,,,,,,,,,,,,,,,,,,,,,,
,,,,,,,,,,,,,,,,,,,,,,,,,,,,,,,,,,,,,,,,,,,,,,,,,,,,,,,,,,,,,,,,
,,,,,,,,,,,,,,,,,,,,,,,,,,,,,,,,,,,,,,,,,,,,,,,,,,,,,,,,,,,,,,,,
,,,,,,,,,,,,,,,,,,,,,,,,,,,,,,,,,,,,,,,,,,,,,,,,,,,,,,,,,,,,,,,,
,,,,,,,,,,,,,,,,,,,,,,,,,,,,,,,,,,,,,,,,,,,,,,,,,,,,,,,,,,,,,,,,
,,,,,,,,,,,,,,,,,,,,,,,,,,,,,,,,,,,,,,,,,,,,,,,,,,,,,,,,,,,,,,,,
,,,,,,,,,,,,,,,,,,,,,,,,,,,,,,,,,,,,,,,,,,,,,,,,,,,,,,,,,,,,,,,,
,,,,,,,,,,,,,,,,,,,,,,,,,,,,,,,,,,,,,,,,,,,,,,,,,,,,,,,,,,,,,,,,
,,,,,,,,,,,,,,,,,,,,,,,,,,,,,,,,,,,,,,,,,,,,,,,,,,,,,,,,,,,,,,,,
,,,,,,,,,,,,,,,,,,,,,,,,,,,,,,,,,,,,,,,,,,,,,,,,,,,,,,,,,,,,,,,,
,,,,,,,,,,,,,,,,,,,,,,,,,,,,,,,,,,,,,,,,,,,,,,,,,,,,,,,,,,,,,,,,
,,,,,,,,,,,,,,,,,,,,,,,,,,,,,,,,,,,,,,,,,,,,,,,,,,,,,,,,,,,,,,,,
,,,,,,,,,,,,,,,,,,,,,,,,,,,,,,,,,,,,,,,,,,,,,,,,,,,,,,,,,,,,,,,,
,,,,,,,,,,,,,,,,,,,,,,,,,,,,,,,,,,,,,,,,,,,,,,,,,,,,,,,,,,,,,,,,
,,,,,,,,,,,,,,,,,,,,,,,,,,,,,,,,,,,,,,,,,,,,,,,,,,,,,,,,,,,,,,,,
,,,,,,,,,,,,,,,,,,,,,,,,,,,,,,,,,,,,,,,,,,,,,,,,,,,,,,,,,,,,,,,,
,,,,,,,,,,,,,,,,,,,,,,,,,,,,,,,,,,,,,,,,,,,,,,,,,,,,,,,,,,,,,,,,
,,,,,,,,,,,,,,,,,,,,,,,,,,,,,,,,,,,,,,,,,,,,,,,,,,,,,,,,,,,,,,,,
,,,,,,,,,,,,,,,,,,,,,,,,,,,,,,,,,,,,,,,,,,,,,,,,,,,,,,,,,,,,,,,,
,,,,,,,,,,,,,,,,,,,,,,,,,,,,,,,,,,,,,,,,,,,,,,,,,,,,,,,,,,,,,,,,
,,,,,,,,,,,,,,,,,,,,,,,,,,,,,,,,,,,,,,,,,,,,,,,,,,,,,,,,,,,,,,,,
,,,,,,,,,,,,,,,,,,,,,,,,,,,,,,,,,,,,,,,,,,,,,,,,,,,,,,,,,,,,,,,,
,,,,,,,,,,,,,,,,,,,,,,,,,,,,,,,,,,,,,,,,,,,,,,,,,,,,,,,,,,,,,,,,
,,,,,,,,,,,,,,,,,,,,,,,,,,,,,,,,,,,,,,,,,,,,,,,,,,,,,,,,,,,,,,,,
,,,,,,,,,,,,,,,,,,,,,,,,,,,,,,,,,,,,,,,,,,,,,,,,,,,,,,,,,,,,,,,,
,,,,,,,,,,,,,,,,,,,,,,,,,,,,,,,,,,,,,,,,,,,,,,,,,,,,,,,,,,,,,,,,
,,,,,,,,,,,,,,,,,,,,,,,,,,,,,,,,,,,,,,,,,,,,,,,,,,,,,,,,,,,,,,,,
,,,,,,,,,,,,,,,,,,,,,,,,,,,,,,,,,,,,,,,,,,,,,,,,,,,,,,,,,,,,,,,,
,,,,,,,,,,,,,,,,,,,,,,,,,,,,,,,,,,,,,,,,,,,,,,,,,,,,,,,,,,,,,,,,
,,,,,,,,,,,,,,,,,,,,,,,,,,,,,,,,,,,,,,,,,,,,,,,,,,,,,,,,,,,,,,,,
,,,,,,,,,,,,,,,,,,,,,,,,,,,,,,,,,,,,,,,,,,,,,,,,,,,,,,,,,,,,,,,,
,,,,,,,,,,,,,,,,,,,,,,,,,,,,,,,,,,,,,,,,,,,,,,,,,,,,,,,,,,,,,,,,
,,,,,,,,,,,,,,,,,,,,,,,,,,,,,,,,,,,,,,,,,,,,,,,,,,,,,,,,,,,,,,,,
,,,,,,,,,,,,,,,,,,,,,,,,,,,,,,,,,,,,,,,,,,,,,,,,,,,,,,,,,,,,,,,,
,,,,,,,,,,,,,,,,,,,,,,,,,,,,,,,,,,,,,,,,,,,,,,,,,,,,,,,,,,,,,,,,
,,,,,,,,,,,,,,,,,,,,,,,,,,,,,,,,,,,,,,,,,,,,,,,,,,,,,,,,,,,,,,,,
,,,,,,,,,,,,,,,,,,,,,,,,,,,,,,,,,,,,,,,,,,,,,,,,,,,,,,,,,,,,,,,,
,,,,,,,,,,,,,,,,,,,,,,,,,,,,,,,,,,,,,,,,,,,,,,,,,,,,,,,,,,,,,,,,
,,,,,,,,,,,,,,,,,,,,,,,,,,,,,,,,,,,,,,,,,,,,,,,,,,,,,,,,,,,,,,,,
,,,,,,,,,,,,,,,,,,,,,,,,,,,,,,,,,,,,,,,,,,,,,,,,,,,,,,,,,,,,,,,,
,,,,,,,,,,,,,,,,,,,,,,,,,,,,,,,,,,,,,,,,,,,,,,,,,,,,,,,,,,,,,,,,
Cosa,,,dolium lid,CE 1633,30.8,,,,,,,,,,,,,,,,,,,,,,,,,,,,,,,,,,,,,,,,,,,,,,,,,,,,,,,,,,,
Cosa,,,dolium lid,CE 1382,32,,,,,,,,,,,,,,,,,,,,,,,,,,,,,,,,,,,,,,,,,,,,,,,,,,,,,,,,,,,
Cosa,,,dolium lid,CE 711,60,,,,,,,,,,,,,,,,,,,,,,,,,,,,,,,,,,,,,,,,,,,,,,,,,,,,,,,,,,,
Cosa,,,dolium lid,C70.485/675 222 58,57,,,,,,,,,,,,,,,,,,,,,,,,,,,,,,,,,,,,,,,,,,,,,,,,,,,,,,,,,,,
Cosa,,,dolium lid,C16.13,55,,,,,,,,,,,,,,,,,,,,,,,,,,,,,,,,,,,,,,,,,,,,,,,,,,,,,,,,,,,
